{
  "CNN": {
    "准确率": 0.9935,
    "精确率": 0.9934337314567359,
    "召回率": 0.9934521378862641,
    "F1值": 0.9934402777150465
  },
  "逻辑回归": {
    "准确率": 0.9241,
    "精确率": 0.9232984124867846,
    "召回率": 0.9230833089793686,
    "F1值": 0.9230376583228737
  },
  "决策树": {
    "准确率": 0.8818,
    "精确率": 0.8802345251744601,
    "召回率": 0.8802969294266877,
    "F1值": 0.8802167349955405
  },
  "SVM": {
    "准确率": 0.9726,
    "精确率": 0.9726563413387199,
    "召回率": 0.9722451330113661,
    "F1值": 0.972408001500827
  },
  "随机森林": {
    "准确率": 0.9691,
    "精确率": 0.9689402190091897,
    "召回率": 0.9688465750717923,
    "F1值": 0.9688716473554585
  },
  "KNN": {
    "准确率": 0.9443,
    "精确率": 0.9442112613151517,
    "召回率": 0.9435861911754685,
    "F1值": 0.9436860218534469
  }
}